ID,Name
1,John Doe
2,Jane Smith
3,Michael Johnson
4,Emily Davis
5,William Brown
6,Emma Miller
7,James Wilson
8,Olivia Moore
9,Robert Taylor
10,Isabella Anderson
11,David Thomas
12,Sophia Jackson
13,Joseph White
14,Charlotte Harris
15,Christopher Martin
16,Amelia Thompson
17,Daniel Garcia
18,Elizabeth Martinez
19,Matthew Robinson
20,Grace Clark
21,Andrew Rodriguez
22,Victoria Lewis
23,Joshua Lee
24,Anna Walker
25,Anthony Hall
26,Natalie Young
27,William Hernandez
28,Lauren King
29,Christopher Allen
30,Olivia Scott